material,experiment,td_b3lyp,ccsd,cr_cc_2_3,iqcc,iqcc_pt
Q1,1.974,2.032,1.909,1.872,1.982,1.988
Q2,2.362,2.491,1.977,1.892,2.453,2.313
Q3,2.344,2.499,2.080,2.014,2.361,2.319
Q4,2.371,2.498,2.067,2.000,2.535,2.379
Q5,2.375,2.568,2.086,2.012,2.449,2.282
Q6,2.375,2.584,2.101,2.036,2.390,2.289
Q7,2.627,2.757,2.482,2.453,2.857,2.650
Q8,2.202,2.240,2.051,1.987,2.348,2.256
Q9,2.520,2.380,2.283,2.193,2.781,2.612
Q10,2.485,2.442,2.394,2.336,2.584,2.614
Q11,2.421,2.444,2.269,2.150,2.594,2.441
Q12,2.719,2.571,2.472,2.376,2.835,2.777
Q13,2.818,2.637,2.729,2.644,2.999,2.856
Q14,2.818,2.698,2.430,2.368,2.744,2.809
