material,ro_b3lyp,ro_cam_b3lyp,ro_wpbeh,ro_wb97x,td_b3lyp,td_cam_b3lyp
Q1,1.825,2.060,2.509,2.195,2.032,2.243
Q2,2.257,2.515,2.507,2.654,2.491,2.689
Q3,2.364,2.562,2.543,2.677,2.499,2.671
Q4,2.267,2.524,2.518,2.666,2.498,2.656
Q5,2.368,2.564,2.543,2.678,2.568,2.757
Q6,2.252,2.492,2.480,2.621,2.584,2.769
Q7,2.453,2.668,2.657,2.795,2.757,2.913
Q8,1.974,2.287,2.308,2.454,2.240,2.424
Q9,2.266,2.520,2.501,2.657,2.380,2.776
Q10,2.335,2.520,2.516,2.630,2.442,2.614
Q11,2.249,2.470,2.450,2.595,2.444,2.775
Q12,2.400,2.737,2.752,2.946,2.571,2.889
Q13,2.513,2.903,2.904,3.078,2.637,2.901
Q14,2.164,2.422,2.413,2.800,2.698,2.910
